ID,ML,CHIP,ESM,HSPC,CHOL,PEG,TFR,FRR,AQUEOUS,OUTPUT,SIZE,PDI
01SD,HSPC,Micromixer,0.0,3.0,1.0,1.0,0.25,3.0,MQ,YES,117.567,0.327
02SD,HSPC,Micromixer,0.0,11.25,0.0,3.75,1.0,3.0,MQ,YES,124.403,0.403
04SD,HSPC,Micromixer,0.0,3.0,1.0,1.0,1.0,3.0,PBS,YES,73.088,0.238
05SD,HSPC,Micromixer,0.0,11.25,0.0,3.75,1.0,50.0,MQ,NO,141.591,0.597
06SD,HSPC,Micromixer,0.0,9.0,3.0,3.0,0.25,50.0,PBS,YES,135.642,0.428
10SD,HSPC,Micromixer,0.0,3.75,0.0,1.25,0.25,50.0,PBS,YES,138.894,0.49
15SD,HSPC,Micromixer,0.0,3.75,0.0,1.25,1.0,3.0,PBS,YES,77.448,0.233
19SD,HSPC,Micromixer,0.0,3.75,0.0,1.25,0.25,50.0,MQ,YES,131.205,0.38
20SD,HSPC,Micromixer,0.0,11.25,0.0,3.75,0.25,3.0,PBS,NO,351.504,0.558
21SD,HSPC,Micromixer,0.0,9.0,3.0,3.0,0.25,3.0,MQ,YES,135.609,0.369
23SD,HSPC,Micromixer,0.0,3.0,1.0,1.0,1.0,50.0,MQ,YES,125.959,0.339
24SD,HSPC,Micromixer,0.0,9.0,3.0,3.0,1.0,50.0,PBS,YES,102.376,0.385
01SM,ESM,Micromixer,5.0,0.0,5.0,0.0,0.25,3.0,MQ,YES,116.839,0.082
02SM,ESM,Micromixer,20.0,0.0,0.0,0.0,1.0,3.0,MQ,NO,1929.916,0.842
04SM,ESM,Micromixer,5.0,0.0,5.0,0.0,1.0,3.0,PBS,YES,91.433,0.1
05SM,ESM,Micromixer,20.0,0.0,0.0,0.0,1.0,50.0,MQ,NO,700.845,0.681
06SM,ESM,Micromixer,20.0,0.0,20.0,0.0,0.25,50.0,PBS,YES,122.961,0.236
10SM,ESM,Micromixer,5.0,0.0,0.0,0.0,0.25,50.0,PBS,NO,301.615,0.521
15SM,ESM,Micromixer,5.0,0.0,0.0,0.0,1.0,3.0,PBS,NO,2254.269,1.0
19SM,ESM,Micromixer,5.0,0.0,0.0,0.0,0.25,50.0,MQ,YES,109.153,0.284
20SM,ESM,Micromixer,20.0,0.0,0.0,0.0,0.25,3.0,PBS,NO,6478.919,1.0
21SM,ESM,Micromixer,20.0,0.0,20.0,0.0,0.25,3.0,MQ,YES,108.176,0.106
23SM,ESM,Micromixer,5.0,0.0,5.0,0.0,1.0,50.0,MQ,YES,70.824,0.118
24SM,ESM,Micromixer,20.0,0.0,20.0,0.0,1.0,50.0,PBS,YES,85.425,0.145
01CD,HSPC,Micromixer,0.0,11.5644,1.3408000000000002,3.8548,0.71,2.0,MQ,YES,111.287,0.294
02CD,HSPC,Micromixer,0.0,11.5644,1.3408000000000002,3.8548,0.71,23.0,MQ,YES,104.721,0.372
03CD,HSPC,Micromixer,0.0,11.5644,1.3408000000000002,3.8548,2.04,2.0,MQ,YES,77.048,0.221
04CD,HSPC,Micromixer,0.0,11.5644,1.3408000000000002,3.8548,2.04,23.0,MQ,YES,79.661,0.268
05CD,HSPC,Micromixer,0.0,8.547600000000001,5.363200000000001,2.8492,0.71,2.0,MQ,YES,92.827,0.188
06CD,HSPC,Micromixer,0.0,8.547600000000001,5.363200000000001,2.8492,0.71,23.0,MQ,YES,83.507,0.278
07CD,HSPC,Micromixer,0.0,8.547600000000001,5.363200000000001,2.8492,2.04,2.0,MQ,YES,72.548,0.268
08CD,HSPC,Micromixer,0.0,8.547600000000001,5.363200000000001,2.8492,2.04,23.0,MQ,YES,74.122,0.309
09CD,HSPC,Micromixer,0.0,10.056,3.3520000000000003,3.3520000000000003,1.37,1.0,MQ,YES,133.264,0.39
10CD,HSPC,Micromixer,0.0,10.056,3.3520000000000003,3.3520000000000003,1.37,50.0,MQ,YES,81.069,0.312
11CD,HSPC,Micromixer,0.0,10.056,3.3520000000000003,3.3520000000000003,0.25,7.0,MQ,YES,108.6,0.284
12CD,HSPC,Micromixer,0.0,10.056,3.3520000000000003,3.3520000000000003,2.5,7.0,MQ,YES,77.533,0.291
13CD,HSPC,Micromixer,0.0,12.570000000000002,0.0,4.19,1.37,7.0,MQ,YES,86.352,0.269
14CD,HSPC,Micromixer,0.0,7.542000000000001,6.704000000000001,2.514,1.37,7.0,MQ,YES,68.453,0.282
15CD,HSPC,Micromixer,0.0,10.056,3.3520000000000003,3.3520000000000003,1.37,7.0,MQ,YES,70.038,0.234
16CD,HSPC,Micromixer,0.0,10.056,3.3520000000000003,3.3520000000000003,1.37,7.0,MQ,YES,68.102,0.246
17CD,HSPC,Micromixer,0.0,10.056,3.3520000000000003,3.3520000000000003,1.37,7.0,MQ,YES,69.696,0.243
18CD,HSPC,Micromixer,0.0,10.056,3.3520000000000003,3.3520000000000003,1.37,7.0,MQ,YES,68.133,0.235
19CD,HSPC,Micromixer,0.0,10.056,3.3520000000000003,3.3520000000000003,1.37,7.0,MQ,YES,64.529,0.234
20CD,HSPC,Micromixer,0.0,10.056,3.3520000000000003,3.3520000000000003,1.37,7.0,MQ,YES,68.966,0.232
21CD,HSPC,Micromixer,0.0,11.5644,1.3408000000000002,3.8548,0.71,2.0,MQ,YES,87.575,0.327
22CD,HSPC,Micromixer,0.0,11.5644,1.3408000000000002,3.8548,0.71,23.0,MQ,YES,109.953,0.476
23CD,HSPC,Micromixer,0.0,11.5644,1.3408000000000002,3.8548,2.04,2.0,MQ,YES,86.444,0.343
24CD,HSPC,Micromixer,0.0,11.5644,1.3408000000000002,3.8548,2.04,23.0,MQ,YES,94.499,0.355
25CD,HSPC,Micromixer,0.0,8.547600000000001,5.363200000000001,2.8492,0.71,2.0,MQ,YES,93.444,0.183
26CD,HSPC,Micromixer,0.0,8.547600000000001,5.363200000000001,2.8492,0.71,23.0,MQ,YES,85.915,0.258
27CD,HSPC,Micromixer,0.0,8.547600000000001,5.363200000000001,2.8492,2.04,2.0,MQ,YES,62.883,0.198
28CD,HSPC,Micromixer,0.0,8.547600000000001,5.363200000000001,2.8492,2.04,23.0,MQ,YES,71.617,0.292
29CD,HSPC,Micromixer,0.0,10.056,3.3520000000000003,3.3520000000000003,1.37,1.0,MQ,YES,139.797,0.387
30CD,HSPC,Micromixer,0.0,10.056,3.3520000000000003,3.3520000000000003,1.37,50.0,MQ,YES,92.98,0.361
31CD,HSPC,Micromixer,0.0,10.056,3.3520000000000003,3.3520000000000003,0.25,7.0,MQ,YES,124.162,0.316
32CD,HSPC,Micromixer,0.0,10.056,3.3520000000000003,3.3520000000000003,2.5,7.0,MQ,YES,73.083,0.334
33CD,HSPC,Micromixer,0.0,12.570000000000002,0.0,4.19,1.37,7.0,MQ,YES,96.016,0.284
34CD,HSPC,Micromixer,0.0,7.542000000000001,6.704000000000001,2.514,1.37,7.0,MQ,YES,67.366,0.273
35CD,HSPC,Micromixer,0.0,10.056,3.3520000000000003,3.3520000000000003,1.37,7.0,MQ,YES,71.926,0.295
36CD,HSPC,Micromixer,0.0,10.056,3.3520000000000003,3.3520000000000003,1.37,7.0,MQ,YES,81.85,0.335
37CD,HSPC,Micromixer,0.0,10.056,3.3520000000000003,3.3520000000000003,1.37,7.0,MQ,YES,78.159,0.326
38CD,HSPC,Micromixer,0.0,10.056,3.3520000000000003,3.3520000000000003,1.37,7.0,MQ,YES,72.999,0.295
39CD,HSPC,Micromixer,0.0,10.056,3.3520000000000003,3.3520000000000003,1.37,7.0,MQ,YES,73.901,0.327
40CD,HSPC,Micromixer,0.0,10.056,3.3520000000000003,3.3520000000000003,1.37,7.0,MQ,YES,76.205,0.354
41CD,HSPC,Micromixer,0.0,11.5644,1.3408000000000002,3.8548,0.71,2.0,MQ,YES,130.717,0.402
42CD,HSPC,Micromixer,0.0,11.5644,1.3408000000000002,3.8548,0.71,23.0,MQ,YES,102.022,0.354
43CD,HSPC,Micromixer,0.0,11.5644,1.3408000000000002,3.8548,2.04,2.0,MQ,YES,93.195,0.262
44CD,HSPC,Micromixer,0.0,11.5644,1.3408000000000002,3.8548,2.04,23.0,MQ,YES,93.161,0.376
45CD,HSPC,Micromixer,0.0,8.547600000000001,5.363200000000001,2.8492,0.71,2.0,MQ,YES,96.056,0.164
46CD,HSPC,Micromixer,0.0,8.547600000000001,5.363200000000001,2.8492,0.71,23.0,MQ,YES,77.87,0.242
47CD,HSPC,Micromixer,0.0,8.547600000000001,5.363200000000001,2.8492,2.04,2.0,MQ,YES,67.582,0.145
48CD,HSPC,Micromixer,0.0,8.547600000000001,5.363200000000001,2.8492,2.04,23.0,MQ,YES,73.816,0.265
49CD,HSPC,Micromixer,0.0,10.056,3.3520000000000003,3.3520000000000003,1.37,1.0,MQ,YES,147.172,0.392
50CD,HSPC,Micromixer,0.0,10.056,3.3520000000000003,3.3520000000000003,1.37,50.0,MQ,YES,94.633,0.38
51CD,HSPC,Micromixer,0.0,10.056,3.3520000000000003,3.3520000000000003,0.25,7.0,MQ,YES,122.904,0.317
52CD,HSPC,Micromixer,0.0,10.056,3.3520000000000003,3.3520000000000003,2.5,7.0,MQ,YES,74.457,0.285
53CD,HSPC,Micromixer,0.0,12.570000000000002,0.0,4.19,1.37,7.0,MQ,YES,85.58,0.333
54CD,HSPC,Micromixer,0.0,7.542000000000001,6.704000000000001,2.514,1.37,7.0,MQ,YES,67.136,0.219
55CD,HSPC,Micromixer,0.0,10.056,3.3520000000000003,3.3520000000000003,1.37,7.0,MQ,YES,77.267,0.271
56CD,HSPC,Micromixer,0.0,10.056,3.3520000000000003,3.3520000000000003,1.37,7.0,MQ,YES,76.796,0.276
57CD,HSPC,Micromixer,0.0,10.056,3.3520000000000003,3.3520000000000003,1.37,7.0,MQ,YES,76.921,0.273
58CD,HSPC,Micromixer,0.0,10.056,3.3520000000000003,3.3520000000000003,1.37,7.0,MQ,YES,73.733,0.286
59CD,HSPC,Micromixer,0.0,10.056,3.3520000000000003,3.3520000000000003,1.37,7.0,MQ,YES,76.425,0.288
60CD,HSPC,Micromixer,0.0,10.056,3.3520000000000003,3.3520000000000003,1.37,7.0,MQ,YES,77.503,0.278
61CD,HSPC,Micromixer,0.0,7.542000000000001,6.704000000000001,2.514,1.375,3.5002575415843395,MQ,YES,70.04,0.171
62CD,HSPC,Micromixer,0.0,7.542000000000001,6.704000000000001,2.514,2.5,3.5002575415843395,MQ,YES,57.7,0.196
63CD,HSPC,Micromixer,0.0,7.542000000000001,6.704000000000001,2.514,1.375,1.0,MQ,YES,90.63,0.14
64CD,HSPC,Micromixer,0.0,7.542000000000001,6.704000000000001,2.514,2.5,1.0,MQ,YES,90.31,0.13
65CD,HSPC,Micromixer,0.0,8.547600000000001,5.363200000000001,2.8492,1.375,3.5002575415843395,MQ,YES,71.77,0.202
66CD,HSPC,Micromixer,0.0,8.547600000000001,5.363200000000001,2.8492,2.5,3.467368504525317,MQ,YES,57.03,0.219
67CD,HSPC,Micromixer,0.0,8.547600000000001,5.363200000000001,2.8492,1.375,1.0,MQ,YES,105.7,0.18
68CD,HSPC,Micromixer,0.0,8.547600000000001,5.363200000000001,2.8492,2.5,1.0,MQ,YES,108.9,0.217
69CD,HSPC,Micromixer,0.0,8.547600000000001,5.363200000000001,2.8492,0.25,1.0,MQ,YES,103.9,0.126
70CD,HSPC,Micromixer,0.0,8.547600000000001,5.363200000000001,2.8492,0.25,3.467368504525317,MQ,YES,119.8,0.164
02CM,ESM,Micromixer,12.026982212493198,0.0,7.973017787506802,0.0,0.7060709978109694,1.8107928849972788,MQ,YES,132.463,0.052
03CM,ESM,Micromixer,17.973017787506805,0.0,2.0269822124931967,0.0,2.0439290021890306,1.8107928849972788,MQ,NO,4941.821,1.0
04CM,ESM,Micromixer,12.026982212493198,0.0,7.973017787506802,0.0,2.0439290021890306,1.8107928849972788,MQ,YES,118.758,0.04
05CM,ESM,Micromixer,17.973017787506805,0.0,2.0269822124931967,0.0,0.7060709978109694,4.189207115002722,MQ,NO,570.792,0.595
06CM,ESM,Micromixer,12.026982212493198,0.0,7.973017787506802,0.0,0.7060709978109694,4.189207115002722,MQ,YES,107.632,0.051
07CM,ESM,Micromixer,17.973017787506805,0.0,2.0269822124931967,0.0,2.0439290021890306,4.189207115002722,MQ,YES,194.774,0.204
08CM,ESM,Micromixer,12.026982212493198,0.0,7.973017787506802,0.0,2.0439290021890306,4.189207115002722,MQ,YES,89.206,0.083
09CM,ESM,Micromixer,20.0,0.0,0.0,0.0,1.375,3.0,MQ,NO,7297.414,1.0
10CM,ESM,Micromixer,10.0,0.0,10.0,0.0,1.375,3.0,MQ,YES,88.68,0.08
11CM,ESM,Micromixer,15.0,0.0,5.0,0.0,0.25,3.0,MQ,YES,189.471,0.213
12CM,ESM,Micromixer,15.0,0.0,5.0,0.0,2.5,3.0,MQ,YES,157.52,0.064
14CM,ESM,Micromixer,15.0,0.0,5.0,0.0,1.375,5.0,MQ,YES,124.934,0.048
15CM,ESM,Micromixer,15.0,0.0,5.0,0.0,1.375,3.0,MQ,YES,162.675,0.119
16CM,ESM,Micromixer,15.0,0.0,5.0,0.0,1.375,3.0,MQ,YES,154.375,0.072
17CM,ESM,Micromixer,15.0,0.0,5.0,0.0,1.375,3.0,MQ,YES,160.902,0.07
18CM,ESM,Micromixer,15.0,0.0,5.0,0.0,1.375,3.0,MQ,YES,165.879,0.074
19CM,ESM,Micromixer,15.0,0.0,5.0,0.0,1.375,3.0,MQ,YES,169.422,0.051
20CM,ESM,Micromixer,15.0,0.0,5.0,0.0,1.375,3.0,MQ,YES,162.092,0.065
21CM,ESM,Micromixer,17.973017787506805,0.0,2.0269822124931967,0.0,0.7060709978109694,1.8107928849972788,MQ,NO,834.01,0.856
22CM,ESM,Micromixer,12.026982212493198,0.0,7.973017787506802,0.0,0.7060709978109694,1.8107928849972788,MQ,YES,124.618,0.03
23CM,ESM,Micromixer,17.973017787506805,0.0,2.0269822124931967,0.0,2.0439290021890306,1.8107928849972788,MQ,NO,8973.734,0.832
24CM,ESM,Micromixer,12.026982212493198,0.0,7.973017787506802,0.0,2.0439290021890306,1.8107928849972788,MQ,YES,111.634,0.051
25CM,ESM,Micromixer,17.973017787506805,0.0,2.0269822124931967,0.0,0.7060709978109694,4.189207115002722,MQ,NO,622.999,0.643
26CM,ESM,Micromixer,12.026982212493198,0.0,7.973017787506802,0.0,0.7060709978109694,4.189207115002722,MQ,YES,106.201,0.066
27CM,ESM,Micromixer,17.973017787506805,0.0,2.0269822124931967,0.0,2.0439290021890306,4.189207115002722,MQ,YES,184.984,0.149
28CM,ESM,Micromixer,12.026982212493198,0.0,7.973017787506802,0.0,2.0439290021890306,4.189207115002722,MQ,YES,84.319,0.059
29CM,ESM,Micromixer,20.0,0.0,0.0,0.0,1.375,3.0,MQ,NO,4813.381,1.0
30CM,ESM,Micromixer,10.0,0.0,10.0,0.0,1.375,3.0,MQ,YES,86.863,0.089
31CM,ESM,Micromixer,15.0,0.0,5.0,0.0,0.25,3.0,MQ,YES,180.646,0.132
32CM,ESM,Micromixer,15.0,0.0,5.0,0.0,2.5,3.0,MQ,YES,146.835,0.029
34CM,ESM,Micromixer,15.0,0.0,5.0,0.0,1.375,5.0,MQ,YES,137.567,0.034
35CM,ESM,Micromixer,15.0,0.0,5.0,0.0,1.375,3.0,MQ,YES,182.155,0.099
36CM,ESM,Micromixer,15.0,0.0,5.0,0.0,1.375,3.0,MQ,YES,176.58,0.101
37CM,ESM,Micromixer,15.0,0.0,5.0,0.0,1.375,3.0,MQ,YES,127.517,0.042
38CM,ESM,Micromixer,15.0,0.0,5.0,0.0,1.375,3.0,MQ,YES,179.011,0.141
39CM,ESM,Micromixer,15.0,0.0,5.0,0.0,1.375,3.0,MQ,YES,167.896,0.114
40CM,ESM,Micromixer,15.0,0.0,5.0,0.0,1.375,3.0,MQ,YES,177.175,0.16
42CM,ESM,Micromixer,12.026982212493198,0.0,7.973017787506802,0.0,0.7060709978109694,1.8107928849972788,MQ,YES,125.356,0.071
43CM,ESM,Micromixer,17.973017787506805,0.0,2.0269822124931967,0.0,2.0439290021890306,1.8107928849972788,MQ,NO,5257.868,1.0
44CM,ESM,Micromixer,12.026982212493198,0.0,7.973017787506802,0.0,2.0439290021890306,1.8107928849972788,MQ,YES,118.454,0.08
45CM,ESM,Micromixer,17.973017787506805,0.0,2.0269822124931967,0.0,0.7060709978109694,4.189207115002722,MQ,NO,623.865,0.569
46CM,ESM,Micromixer,12.026982212493198,0.0,7.973017787506802,0.0,0.7060709978109694,4.189207115002722,MQ,YES,107.586,0.059
47CM,ESM,Micromixer,17.973017787506805,0.0,2.0269822124931967,0.0,2.0439290021890306,4.189207115002722,MQ,YES,198.087,0.236
48CM,ESM,Micromixer,12.026982212493198,0.0,7.973017787506802,0.0,2.0439290021890306,4.189207115002722,MQ,YES,86.184,0.061
49CM,ESM,Micromixer,20.0,0.0,0.0,0.0,1.375,3.0,MQ,NO,3062.225,0.973
50CM,ESM,Micromixer,10.0,0.0,10.0,0.0,1.375,3.0,MQ,YES,85.607,0.066
51CM,ESM,Micromixer,15.0,0.0,5.0,0.0,0.25,3.0,MQ,YES,190.929,0.271
52CM,ESM,Micromixer,15.0,0.0,5.0,0.0,2.5,3.0,MQ,YES,147.238,0.042
54CM,ESM,Micromixer,15.0,0.0,5.0,0.0,1.375,5.0,MQ,YES,130.699,0.037
55CM,ESM,Micromixer,15.0,0.0,5.0,0.0,1.375,3.0,MQ,YES,196.919,0.179
56CM,ESM,Micromixer,15.0,0.0,5.0,0.0,1.375,3.0,MQ,YES,168.994,0.087
57CM,ESM,Micromixer,15.0,0.0,5.0,0.0,1.375,3.0,MQ,YES,181.41,0.143
58CM,ESM,Micromixer,15.0,0.0,5.0,0.0,1.375,3.0,MQ,YES,163.213,0.091
59CM,ESM,Micromixer,15.0,0.0,5.0,0.0,1.375,3.0,MQ,YES,175.564,0.162
60CM,ESM,Micromixer,15.0,0.0,5.0,0.0,1.375,3.0,MQ,YES,162.168,0.086
61CM,ESM,Micromixer,10.0,0.0,10.0,0.0,1.375,3.5002575415843395,MQ,YES,84.04,0.09
62CM,ESM,Micromixer,10.0,0.0,10.0,0.0,2.5,3.5002575415843395,MQ,YES,84.46,0.067
63CM,ESM,Micromixer,10.0,0.0,10.0,0.0,1.375,1.0,MQ,YES,110.4,0.043
64CM,ESM,Micromixer,10.0,0.0,10.0,0.0,2.5,1.0,MQ,YES,105.3,0.063
65CM,ESM,Micromixer,12.0,0.0,8.0,0.0,1.375,3.5002575415843395,MQ,YES,98.5,0.054
66CM,ESM,Micromixer,12.0,0.0,8.0,0.0,2.5,3.467368504525317,MQ,YES,85.85,0.066
67CM,ESM,Micromixer,12.0,0.0,8.0,0.0,1.375,1.0,MQ,YES,129.1,0.029
68CM,ESM,Micromixer,12.0,0.0,8.0,0.0,2.5,1.0,MQ,YES,129.3,0.045
01OD,HSPC,Micromixer,0.0,9.576,3.192,3.192,0.58,1.6,MQ,YES,125.56,0.263
02OD,HSPC,Micromixer,0.0,9.576,3.192,3.192,2.17,1.6,MQ,YES,87.316,0.168
03OD,HSPC,Micromixer,0.0,9.576,3.192,3.192,0.58,4.4,MQ,YES,95.927,0.219
04OD,HSPC,Micromixer,0.0,9.576,3.192,3.192,2.17,4.4,MQ,YES,67.343,0.242
05OD,HSPC,Micromixer,0.0,9.576,3.192,3.192,0.25,3.0,MQ,YES,129.236,0.334
06OD,HSPC,Micromixer,0.0,9.576,3.192,3.192,2.5,3.0,MQ,YES,68.868,0.23
07OD,HSPC,Micromixer,0.0,9.576,3.192,3.192,1.375,1.0,MQ,YES,149.89,0.421
08OD,HSPC,Micromixer,0.0,9.576,3.192,3.192,1.375,4.4,MQ,YES,76.973,0.241
09OD,HSPC,Micromixer,0.0,9.576,3.192,3.192,1.375,3.0,MQ,YES,80.278,0.231
10OD,HSPC,Micromixer,0.0,9.576,3.192,3.192,1.375,3.0,MQ,YES,80.541,0.212
11OD,HSPC,Micromixer,0.0,9.576,3.192,3.192,1.375,3.0,MQ,YES,77.848,0.228
12OD,HSPC,Micromixer,0.0,9.576,3.192,3.192,1.375,3.0,MQ,YES,77.339,0.229
13OD,HSPC,Micromixer,0.0,9.576,3.192,3.192,1.375,3.0,MQ,YES,78.537,0.223
14OD,HSPC,Micromixer,0.0,9.576,3.192,3.192,0.58,1.6,MQ,YES,141.851,0.334
15OD,HSPC,Micromixer,0.0,9.576,3.192,3.192,2.17,1.6,MQ,YES,100.593,0.152
16OD,HSPC,Micromixer,0.0,9.576,3.192,3.192,0.58,4.4,MQ,YES,103.514,0.306
17OD,HSPC,Micromixer,0.0,9.576,3.192,3.192,2.17,4.4,MQ,YES,66.039,0.243
18OD,HSPC,Micromixer,0.0,9.576,3.192,3.192,0.25,3.0,MQ,YES,148.899,0.356
19OD,HSPC,Micromixer,0.0,9.576,3.192,3.192,2.5,3.0,MQ,YES,66.672,0.27
20OD,HSPC,Micromixer,0.0,9.576,3.192,3.192,1.375,1.0,MQ,YES,158.663,0.4
21OD,HSPC,Micromixer,0.0,9.576,3.192,3.192,1.375,4.4,MQ,YES,76.545,0.261
22OD,HSPC,Micromixer,0.0,9.576,3.192,3.192,1.375,3.0,MQ,YES,81.475,0.248
23OD,HSPC,Micromixer,0.0,9.576,3.192,3.192,1.375,3.0,MQ,YES,83.866,0.251
24OD,HSPC,Micromixer,0.0,9.576,3.192,3.192,1.375,3.0,MQ,YES,85.223,0.262
25OD,HSPC,Micromixer,0.0,9.576,3.192,3.192,1.375,3.0,MQ,YES,80.004,0.233
26OD,HSPC,Micromixer,0.0,9.576,3.192,3.192,1.375,3.0,MQ,YES,83.696,0.257
27OD,HSPC,Micromixer,0.0,9.576,3.192,3.192,0.58,1.6,MQ,YES,136.684,0.307
28OD,HSPC,Micromixer,0.0,9.576,3.192,3.192,2.17,1.6,MQ,YES,107.924,0.174
29OD,HSPC,Micromixer,0.0,9.576,3.192,3.192,0.58,4.4,MQ,YES,102.589,0.262
30OD,HSPC,Micromixer,0.0,9.576,3.192,3.192,2.17,4.4,MQ,YES,63.026,0.246
31OD,HSPC,Micromixer,0.0,9.576,3.192,3.192,0.25,3.0,MQ,YES,131.852,0.295
32OD,HSPC,Micromixer,0.0,9.576,3.192,3.192,2.5,3.0,MQ,YES,65.3,0.272
33OD,HSPC,Micromixer,0.0,9.576,3.192,3.192,1.375,1.0,MQ,YES,157.64,0.409
34OD,HSPC,Micromixer,0.0,9.576,3.192,3.192,1.375,4.4,MQ,YES,75.772,0.254
35OD,HSPC,Micromixer,0.0,9.576,3.192,3.192,1.375,3.0,MQ,YES,80.386,0.256
36OD,HSPC,Micromixer,0.0,9.576,3.192,3.192,1.375,3.0,MQ,YES,76.14,0.247
37OD,HSPC,Micromixer,0.0,9.576,3.192,3.192,1.375,3.0,MQ,YES,78.939,0.251
38OD,HSPC,Micromixer,0.0,9.576,3.192,3.192,1.375,3.0,MQ,YES,155.532,0.297
39OD,HSPC,Micromixer,0.0,9.576,3.192,3.192,1.375,3.0,MQ,YES,75.29,0.214
40OD,HSPC,Micromixer,0.0,9.576,3.192,3.192,2.17,1.727,MQ,YES,91.341,0.2
41OD,HSPC,Micromixer,0.0,9.576,3.192,3.192,2.17,1.727,MQ,YES,96.467,0.2
42OD,HSPC,Micromixer,0.0,9.576,3.192,3.192,2.17,1.727,MQ,YES,83.115,0.203
01OM,ESM,Micromixer,24.779,0.0,10.121,0.0,0.58,1.6,MQ,YES,230.059,0.349
02OM,ESM,Micromixer,24.779,0.0,10.121,0.0,2.17,1.6,MQ,YES,298.002,0.263
03OM,ESM,Micromixer,24.779,0.0,10.121,0.0,0.58,4.4,MQ,YES,157.882,0.088
04OM,ESM,Micromixer,24.779,0.0,10.121,0.0,2.17,4.4,MQ,YES,125.303,0.065
05OM,ESM,Micromixer,24.779,0.0,10.121,0.0,0.25,3.0,MQ,YES,183.962,0.16
06OM,ESM,Micromixer,24.779,0.0,10.121,0.0,2.5,3.0,MQ,YES,155.385,0.054
07OM,ESM,Micromixer,24.779,0.0,10.121,0.0,1.375,1.0,MQ,YES,232.108,0.322
08OM,ESM,Micromixer,24.779,0.0,10.121,0.0,1.375,5.0,MQ,YES,125.924,0.058
09OM,ESM,Micromixer,24.779,0.0,10.121,0.0,1.375,3.0,MQ,YES,169.717,0.119
10OM,ESM,Micromixer,24.779,0.0,10.121,0.0,1.375,3.0,MQ,YES,164.343,0.091
11OM,ESM,Micromixer,24.779,0.0,10.121,0.0,1.375,3.0,MQ,YES,162.206,0.121
12OM,ESM,Micromixer,24.779,0.0,10.121,0.0,1.375,3.0,MQ,YES,160.342,0.095
13OM,ESM,Micromixer,24.779,0.0,10.121,0.0,1.375,3.0,MQ,YES,158.912,0.087
14OM,ESM,Micromixer,24.779,0.0,10.121,0.0,0.58,1.6,MQ,YES,189.764,0.195
15OM,ESM,Micromixer,24.779,0.0,10.121,0.0,2.17,1.6,MQ,YES,229.416,0.244
16OM,ESM,Micromixer,24.779,0.0,10.121,0.0,0.58,4.4,MQ,YES,140.386,0.047
17OM,ESM,Micromixer,24.779,0.0,10.121,0.0,2.17,4.4,MQ,YES,117.314,0.046
18OM,ESM,Micromixer,24.779,0.0,10.121,0.0,0.25,3.0,MQ,YES,167.216,0.071
19OM,ESM,Micromixer,24.779,0.0,10.121,0.0,2.5,3.0,MQ,YES,137.968,0.05
20OM,ESM,Micromixer,24.779,0.0,10.121,0.0,1.375,1.0,MQ,YES,240.863,0.252
21OM,ESM,Micromixer,24.779,0.0,10.121,0.0,1.375,5.0,MQ,YES,115.891,0.07
22OM,ESM,Micromixer,24.779,0.0,10.121,0.0,1.375,3.0,MQ,YES,139.586,0.08
23OM,ESM,Micromixer,24.779,0.0,10.121,0.0,1.375,3.0,MQ,YES,141.538,0.064
24OM,ESM,Micromixer,24.779,0.0,10.121,0.0,1.375,3.0,MQ,YES,139.883,0.062
25OM,ESM,Micromixer,24.779,0.0,10.121,0.0,1.375,3.0,MQ,YES,139.657,0.065
26OM,ESM,Micromixer,24.779,0.0,10.121,0.0,1.375,3.0,MQ,YES,146.755,0.081
27OM,ESM,Micromixer,24.779,0.0,10.121,0.0,0.58,1.6,MQ,YES,220.699,0.271
28OM,ESM,Micromixer,24.779,0.0,10.121,0.0,2.17,1.6,MQ,YES,303.927,0.274
29OM,ESM,Micromixer,24.779,0.0,10.121,0.0,0.58,4.4,MQ,YES,159.526,0.071
30OM,ESM,Micromixer,24.779,0.0,10.121,0.0,2.17,4.4,MQ,YES,125.978,0.027
31OM,ESM,Micromixer,24.779,0.0,10.121,0.0,0.25,3.0,MQ,YES,191.239,0.132
32OM,ESM,Micromixer,24.779,0.0,10.121,0.0,2.5,3.0,MQ,YES,158.28,0.059
33OM,ESM,Micromixer,24.779,0.0,10.121,0.0,1.375,1.0,MQ,YES,236.083,0.26
34OM ,ESM,Micromixer,24.779,0.0,10.121,0.0,1.375,5.0,MQ,YES,130.988,0.044
35OM,ESM,Micromixer,24.779,0.0,10.121,0.0,1.375,3.0,MQ,YES,160.969,0.082
36OM,ESM,Micromixer,24.779,0.0,10.121,0.0,1.375,3.0,MQ,YES,158.593,0.085
37OM,ESM,Micromixer,24.779,0.0,10.121,0.0,1.375,3.0,MQ,YES,161.035,0.061
38OM,ESM,Micromixer,24.779,0.0,10.121,0.0,1.375,3.0,MQ,YES,171.769,0.111
39OM,ESM,Micromixer,24.779,0.0,10.121,0.0,1.375,3.0,MQ,YES,161.298,0.103
40OM,ESM,Micromixer,24.779,0.0,10.121,0.0,2.5,5.0,MQ,YES,114.922,0.056
41OM,ESM,Micromixer,24.779,0.0,10.121,0.0,2.5,5.0,MQ,YES,109.23,0.05
42OM,ESM,Micromixer,24.779,0.0,10.121,0.0,2.5,5.0,MQ,YES,107.303,0.055
T1,ESM,Micromixer,3.0,0.0,2.0,0.0,1.75,3.0,MQ,YES,81.0,0.112
T2,ESM,Micromixer,3.0,0.0,2.0,0.0,1.0,10.0,MQ,YES,79.0,0.109
T3,ESM,Micromixer,4.95,0.0,3.05,0.0,2.0,7.0,PBS,YES,98.0,0.152
T4,ESM,Micromixer,4.95,0.0,3.05,0.0,1.4,4.7,PBS,YES,118.0,0.205
T5,ESM,Micromixer,4.95,0.0,3.05,0.0,1.0,3.0,PBS,YES,160.0,0.239
